[
  {
    "type": "constructor",
    "inputs": [],
    "stateMutability": "nonpayable"
  },
  {
    "name": "MAX_TWEET_LENGTH",
    "type": "function",
    "inputs": [],
    "outputs": [
      {
        "name": "",
        "type": "uint16",
        "internalType": "uint16"
      }
    ],
    "stateMutability": "view"
  },
  {
    "name": "changeTweetLength",
    "type": "function",
    "inputs": [
      {
        "name": "newTweetLength",
        "type": "uint16",
        "internalType": "uint16"
      }
    ],
    "outputs": [],
    "stateMutability": "nonpayable"
  },
  {
    "name": "createTweet",
    "type": "function",
    "inputs": [
      {
        "name": "_tweet",
        "type": "string",
        "internalType": "string"
      }
    ],
    "outputs": [],
    "stateMutability": "nonpayable"
  },
  {
    "name": "getAllTweets",
    "type": "function",
    "inputs": [
      {
        "name": "_owner",
        "type": "address",
        "internalType": "address"
      }
    ],
    "outputs": [
      {
        "name": "",
        "type": "tuple[]",
        "components": [
          {
            "name": "author",
            "type": "address",
            "internalType": "address"
          },
          {
            "name": "content",
            "type": "string",
            "internalType": "string"
          },
          {
            "name": "timestamp",
            "type": "uint256",
            "internalType": "uint256"
          },
          {
            "name": "likes",
            "type": "uint256",
            "internalType": "uint256"
          }
        ],
        "internalType": "struct Twitter.Tweet[]"
      }
    ],
    "stateMutability": "view"
  },
  {
    "name": "getTweet",
    "type": "function",
    "inputs": [
      {
        "name": "_i",
        "type": "uint256",
        "internalType": "uint256"
      }
    ],
    "outputs": [
      {
        "name": "",
        "type": "tuple",
        "components": [
          {
            "name": "author",
            "type": "address",
            "internalType": "address"
          },
          {
            "name": "content",
            "type": "string",
            "internalType": "string"
          },
          {
            "name": "timestamp",
            "type": "uint256",
            "internalType": "uint256"
          },
          {
            "name": "likes",
            "type": "uint256",
            "internalType": "uint256"
          }
        ],
        "internalType": "struct Twitter.Tweet"
      }
    ],
    "stateMutability": "view"
  },
  {
    "name": "owner",
    "type": "function",
    "inputs": [],
    "outputs": [
      {
        "name": "",
        "type": "address",
        "internalType": "address"
      }
    ],
    "stateMutability": "view"
  },
  {
    "name": "tweets",
    "type": "function",
    "inputs": [
      {
        "name": "",
        "type": "address",
        "internalType": "address"
      },
      {
        "name": "",
        "type": "uint256",
        "internalType": "uint256"
      }
    ],
    "outputs": [
      {
        "name": "author",
        "type": "address",
        "internalType": "address"
      },
      {
        "name": "content",
        "type": "string",
        "internalType": "string"
      },
      {
        "name": "timestamp",
        "type": "uint256",
        "internalType": "uint256"
      },
      {
        "name": "likes",
        "type": "uint256",
        "internalType": "uint256"
      }
    ],
    "stateMutability": "view"
  }
]
